title,company,location,link
Python Developer,Work Together ,Lahore Pakistan,https://www.rozee.pk/work-together-python-developer-lahore-jobs-1654906?utm_source=jobSearch&utm_medium=website&utm_content=jobSearch_1654906&utm_campaign=ROZEE.PK_job_search
Python Developer,Work Together ,Lahore Pakistan,https://www.rozee.pk/work-together-python-developer-lahore-jobs-1654458?utm_source=jobSearch&utm_medium=website&utm_content=jobSearch_1654458&utm_campaign=ROZEE.PK_job_search
Python Developer,Work Together ,Lahore Pakistan,https://www.rozee.pk/python-developer-lahore-jobs-1640894?utm_source=jobSearch&utm_medium=website&utm_content=jobSearch_1640894&utm_campaign=ROZEE.PK_job_search
Backend Developer,Yodo Pvt ,Lahore Pakistan,https://www.rozee.pk/backend-developer-lahore-jobs-1660732?utm_source=jobSearch&utm_medium=website&utm_content=jobSearch_1660732&utm_campaign=ROZEE.PK_job_search
Full Stack Developer - Python / VUE JS,Work Together ,Lahore Pakistan,https://www.rozee.pk/work-together-full-stack-developer-python-vue-js-lahore-jobs-1658008?utm_source=jobSearch&utm_medium=website&utm_content=jobSearch_1658008&utm_campaign=ROZEE.PK_job_search
Full Stack Developer - Python / VUE Js,Work Together ,Lahore Pakistan,https://www.rozee.pk/work-together-full-stack-developer-python-vue-js-lahore-jobs-1658010?utm_source=jobSearch&utm_medium=website&utm_content=jobSearch_1658010&utm_campaign=ROZEE.PK_job_search
Full Stack Developer,Hashlogics ,Lahore Pakistan,https://www.rozee.pk/full-stack-developer-lahore-jobs-1653142?utm_source=jobSearch&utm_medium=website&utm_content=jobSearch_1653142&utm_campaign=ROZEE.PK_job_search
React JS Developer,Cogent Labs ,Lahore Pakistan,https://www.rozee.pk/react-js-developer-lahore-jobs-1641170?utm_source=jobSearch&utm_medium=website&utm_content=jobSearch_1641170&utm_campaign=ROZEE.PK_job_search
Web Developer,BrilZen ,Lahore Pakistan,https://www.rozee.pk/web-developer-lahore-jobs-1645012?utm_source=jobSearch&utm_medium=website&utm_content=jobSearch_1645012&utm_campaign=ROZEE.PK_job_search
Sr. Backend Developer,Yodo Pvt ,Lahore Pakistan,https://www.rozee.pk/sr-backend-developer-lahore-jobs-1645524?utm_source=jobSearch&utm_medium=website&utm_content=jobSearch_1645524&utm_campaign=ROZEE.PK_job_search
Database Administrator - Cassandra,Qvantel SMC Pvt Ltd ,Pakistan,https://www.rozee.pk/qvantel-smc-pvt-ltd-database-administrator-cassandra-islamabad-lahore-jobs-1646314?utm_source=jobSearch&utm_medium=website&utm_content=jobSearch_1646314&utm_campaign=ROZEE.PK_job_search
Data Analyst,Mashkraft ,Lahore Pakistan,https://www.rozee.pk/data-analyst-lahore-jobs-1663652?utm_source=jobSearch&utm_medium=website&utm_content=jobSearch_1663652&utm_campaign=ROZEE.PK_job_search
CloudOps / SysOps Engineer (Azure & On-Prem),not found,Lahore Pakistan,https://www.rozee.pk/job/detail/1640192?utm_source=jobSearch&utm_medium=website&utm_content=jobSearch_1640192&utm_campaign=ROZEE.PK_job_search
Trainee Software Engineering,NumDesk Private ,Lahore Pakistan,https://www.rozee.pk/trainee-software-engineering-lahore-jobs-1648402?utm_source=jobSearch&utm_medium=website&utm_content=jobSearch_1648402&utm_campaign=ROZEE.PK_job_search
Electronics Design Engineer,Nessovo solutions ,Lahore Pakistan,https://www.rozee.pk/electronics-design-engineer-lahore-jobs-1657924?utm_source=jobSearch&utm_medium=website&utm_content=jobSearch_1657924&utm_campaign=ROZEE.PK_job_search
Azure Solutions Architect,Techno ,Lahore Pakistan,https://www.rozee.pk/azure-solutions-architect-lahore-jobs-1644346?utm_source=jobSearch&utm_medium=website&utm_content=jobSearch_1644346&utm_campaign=ROZEE.PK_job_search
